"player_names","player_ids"
"Mohamed Salah",108226
"Trent Alexander-Arnold",318871
"João Cancelo",128967
"Kevin De Bruyne",73084
"Bernardo Silva",136741
"Harry Kane",83532
"Rodri",303139
"Sadio Mané",109915
"Son Heung-Min",91909
"Joel Matip",74341
"Reece James",361330
"Andrew Robertson",115726
"Conor Gallagher",375621
"Phil Foden",331254
"Ivan Toney",134240
"Ilkay Gündogan",77464
"Jarrod Bowen",322596
"Thiago Silva",28550
"Virgil van Dijk",95408
"John McGinn",318449
"Diogo Jota",235755
"Allan Saint-Maximin",135891
"Jack Grealish",113069
"Fabinho",115916
"Bruno Fernandes",123761
"Mason Mount",343346
"Declan Rice",332325
"Pierre-Emile Højbjerg",101859
"Hakim Ziyech",115868
"Riyad Mahrez",104749
"James Ward-Prowse",105172
"Mateo Kovacic",93894
"Paul Pogba",97752
"Raheem Sterling",97692
"Thiago",74939
"Bukayo Saka",367185
"Tomas Soucek",143595
"Rayan Aït-Nouri",355401
"Cristiano Ronaldo",5583
"Raphinha",300447
"Gabriel Jesus",279379
"Marcos Alonso",84008
"Thomas Partey",238940
"Trevoh Chalobah",353292
"James Tarkowski",131464
"Youri Tielemans",136345
"Dwight McNeil",357427
"Ethan Pinnock",342499
"Sergio Reguilón",362275
"Mason Greenwood",367782
"César Azpilicueta",25931
"Matthew Cash",322043
"N'Golo Kanté",114075
"Scott McTominay",336915
"Alexandre Lacazette",73078
"Takehiro Tomiyasu",377283
"Kyle Walker-Peters",313672
"Oriol Romeu",90780
"Rúben Neves",238244
"Wilfred Ndidi",327683
"Rúben Dias",313171
"Kai Havertz",326413
"Fred",114397
"Mohammed Salisu",362357
"Michail Antonio",69517
"Romain Saïss",236519
"Adama Traoré",140088
"Jorginho",106968
"Christian Nørgaard",101856
"Naby Keïta",243510
"Jordan Henderson",68659
"José Sá",122714
"Andreas Christensen",130331
"Lucas Moura",92508
"Ben Mee",94935
"Aymeric Laporte",122117
"Emmanuel Dennis",329811
"Valentino Livramento",415174
"Alisson",114147
"Martin Ødegaard",247454
"Yves Bissouma",303096
"Antonio Rüdiger",104010
"Emile Smith Rowe",363686
"Wilfried Zaha",85059
"Adam Webster",109922
"Saïd Benrahma",137021
"Aaron Wan-Bissaka",331924
"James Maddison",137015
"Pablo Fornals",297203
"Benjamin White",322036
"Charlie Taylor",107462
"James McArthur",20339
"Shane Duffy",75692
"Maximilian Kilman",368310
"Gabriel Martinelli",380706
"Jamie Vardy",106981
"Douglas Luiz",337883
"Davinson Sánchez",322655
"Ollie Watkins",148503
"Aaron Ramsdale",316858
"Jan Bednarek",136742
"Jacob Ramsey",369813
"Demarai Gray",136945
"Joelinton",201755
"Luke Thomas",396317
"Roberto Firmino",96182
"Joshua King",81026
"Josh Brownhill",138929
"Che Adams",256419
"Marc Cucurella",363496
"Diogo Dalot",353418
"Cristian Romero",323663
"Aaron Cresswell",68049
"Liam Cooper",44148
"Abdoulaye Doucouré",116317
"João Moutinho",16161
"David Raya",276366
"Nélson Semedo",296363
"Kurt Zouma",106086
"Ruben Loftus-Cheek",255777
"Tyrick Mitchell",389579
"Romelu Lukaku",78498
"Édouard Mendy",321390
"Emerson Royal",328512
"Daniel Podence",300513
"Raphaël Varane",93206
"Cheikhou Kouyaté",66741
"David de Gea",79554
"Callum Hudson-Odoi",350088
"Tyrone Mings",123167
"Marc Guéhi",374631
"João Pedro",373525
"Kieran Tierney",297403
"Emiliano Buendía",260592
"Gabriel Magalhães",334087
"Craig Dawson",73063
"Ederson",121774
"Ismaïla Sarr",322670
"Çaglar Söyüncü",317998
"Grant Hanley",86593
"Hugo Lloris",25604
"Matthew Lowton",80067
"Leandro Trossard",113994
"Pierre-Emerick Aubameyang",44120
"Lewis Dunk",86441
"Michael Keane",107941
"Stuart Dallas",134143
"Kyle Walker",69778
"Alex McCarthy",38577
"Marçal",121718
"Mohamed Elyounoussi",141732
"Conor Coady",97710
"Ben Johnson",349484
"Christian Benteke",68312
"Ademola Lookman",299451
"Moussa Sissoko",29595
"Harvey Barnes",331382
"Matt Targett",136776
"Kasper Schmeichel",19545
"Fabian Schär",82726
"Andros Townsend",71522
"Nick Pope",105720
"Armando Broja",393407
"Lukasz Fabianski",20973
"Christian Pulisic",302692
"Eric Dier",117973
"Bryan Mbeumo",353377
"Timothy Castagne",141169
"Jean-Philippe Mateta",328096
"Manuel Lanzini",89998
"Alexis Mac Allister",345319
"Maxwel Cornet",125004
"Vitaly Janelt",298689
"Anthony Gordon",349669
"Joël Veltman",110290
"Richarlison",317804
"Vicente Guaita",33866
"Raúl Jiménez",108186
"Pascal Groß",71824
"Michael Olise",371281
"Pontus Jansson",121123
"Odsonne Édouard",317504
"Chris Wood",73380
"Robert Sánchez",362151
"Nathan Redmond",86425
"Ben Davies",103837
"Luke Shaw",118244
"Granit Xhaka",89401
"Jadon Sancho",346300
"Stuart Armstrong",93677
"Joel Ward",43105
"Tariq Lamptey",386979
"Jeffrey Schlupp",91822
"Joseph Willock",342563
"Emiliano Martínez",102248
"Kristoffer Ajer",321085
"Harry Maguire",99487
"Rodrigo",83459
"Jordan Ayew",67491
"Hwang Hee-Chan",262854
"Juraj Kucka",32514
"Vladimir Coufal",111372
"Danny Ings",91762
"Illan Meslier",380580
"Nemanja Matic",38128
"Trincão",368409
"Séamus Coleman",31826
"Jack Harrison",317896
"Martin Dúbravka",46092
"Kiernan Dewsbury-Hall",391256
"Brandon Williams",384143
"Mathias Normann",320959
"Adam Lallana",21683
"Oliver Skipp",364215
"Solly March",122926
"Joachim Andersen",231135
"Albert Sambi Lokonga",349102
"Alex Oxlade Chamberlain",84146
"James Milner",4511
"Neal Maupay",119822
"Callum Wilson",134115
"Victor Lindelöf",100008
"Marc Albrighton",42147
"Patson Daka",345560
"Sergi Canós",295964
"Jonjo Shelvey",40027
"Jordan Pickford",110189
"Daniel James",302313
"Alexander Iwobi",136824
"Cucho Hernández",362501
"Imrân Louza",367217
"Allan",82438
"Harry Winks",143990
"Ben Godfrey",287504
"Luke Ayling",82877
"Javier Manquillo",109227
"Jamaal Lascelles",105171
"Pierre Lees-Melou",301243
"Daniel Amartey",243552
"Nicolas Pépé",239872
"Marcus Rashford",300299
"Kelechi Iheanacho",289253
"Ryan Fraser",93160
"Ashley Westwood",79050
"Milot Rashica",289014
"Leander Dendoncker",124106
"Rico Henry",229562
"Jakub Moder",399378
"Max Aarons",362103
"Junior Firpo",351252
"Craig Cathcart",25241
"Billy Gilmour",381255
"Kiko Femenía",75919
"Ezri Konsa",301440
"Tim Krul",22319
"Adam Armstrong",136460
"Saman Ghoddos",320575
"Boubakary Soumaré",345664
"Leon Bailey",327682
"Nuno Tavares",379790
"Jóhann Gudmundsson",41868
"Ashley Young",8166
"Isaac Hayden",136356
"Mateusz Klich",69638
"Mason Holgate",297544
"Jacob Murphy",141486
"Diego Llorente",123232
"Matt Ritchie",68648
"Teemu Pukki",25028
"Mathias Jensen",339674
"Sean Longstaff",342811
"Ibrahima Diallo",357101
"Romain Perraud",331466
"Yoane Wissa",296240
"Danny Welbeck",39308
"Kenny McLean",82917
"Jay Rodriguez",33891
"Frank Onyeka",404109
"Pascal Struijk",355609
"Tom Cleverley",69956
"Adam Idah",382368
"Aaron Lennon",5625
"Miguel Almirón",303924
"Shandon Baptiste",362124
"Joshua Sargent",367480
"Ben Foster",11530
"Tyler Roberts",280771
"Salomón Rondón",25964
"Adam Forshaw",82972
"Ben Gibson",86458
"Steven Bergwijn",279425
"William Troost-Ekong",133400
"Timo Werner",130903
"Mads Roerslev",329554
"Matej Vydra",84129
"Nikola Vlasic",343975
"Ken Sema",145392
"Ashley Barnes",33386
"Fábio Silva",380655
"Kylian Mbappé",300713
"Lionel Messi",11119
"Dimitri Payet",14058
"Téji Savanier",234377
"Benjamin Bourigeaud",129282
"Martin Terrier",329356
"Neymar",50835
"Gaëtan Laborde",140051
"Aurélien Tchouaméni",353423
"Sofiane Boufal",234363
"Marco Verratti",91961
"Lucas Paquetá",319756
"Jonathan Clauss",301869
"Bruno Guimarães",338780
"Romain Faivre",349368
"Andrei Girotto",279380
"Ludovic Ajorque",234364
"Franck Honorat",137837
"Amine Gouiri",348654
"Frédéric Guilbert",260493
"Benjamin André",43415
"Jonas Omlin",366704
"Adrien Thomasson",113747
"Lovro Majer",369887
"Youcef Atal",361816
"Hamari Traoré",289018
"Karl Toko-Ekambi",236504
"Sofiane Diop",361284
"Kamaldeen Sulemana",422135
"Moses Simon",202185
"Jimmy Cabot",123913
"Danilo Pereira",94891
"Boubakar Kouyaté",375326
"Walter Benítez",130304
"Randal Kolo Muani",333542
"Nayef Aguerd",362434
"Fabien Centonze",294496
"Renato Sanches",299450
"Wissam Ben Yedder",89946
"Florian Sotoca",274934
"Achraf Hakimi",320834
"Mario Lemina",123481
"Emerson",101955
"Florian Tardieu",296321
"Azor Matusiwa",355960
"Stephy Mavididi",318750
"Melvin Bard",389064
"Idrissa Gueye",80464
"Flavien Tait",296241
"Ibrahima Sissoko",306766
"Ludovic Blas",299562
"Jean Onana",392388
"Ángel Di María",23110
"Andy Delort",79976
"Marquinhos",101949
"Houssem Aouar",322096
"William Saliba",361822
"Seko Fofana",254562
"Sven Botman",379732
"Julien Laporte",294502
"Mattéo Guendouzi",328983
"Ander Herrera",71174
"Brendan Chardonnet",130298
"Moussa Dembele",140090
"Steve Mounié",135259
"Valentin Rongier",231144
"Ghislain Konan",331567
"Ronaël Pierre-Gabriel",300608
"Cheick Oumar Doucouré",374993
"Tiago Djaló",367181
"Jean-Clair Todibo",361710
"Boubacar Kamara",331790
"Keylor Navas",65901
"Gelson Martins",296576
"Justin Kluivert",331579
"Cengiz Ünder",255071
"Alban Lafont",300590
"Angelo Fulgini",296316
"Jonathan David",383855
"Thomas Monconduit",100869
"Guillermo Maripán",121417
"Presnel Kimpembe",247800
"Alexander Djiku",121711
"Marshall Munetsi",377411
"Wout Faes",299693
"Reinildo",361812
"Romain Thomas",232577
"Laurent Abergel",122346
"Mohamed Bayo",422190
"Habib Diallo",296372
"Jonathan Gradit",236552
"Baptiste Santamaría",236558
"Hugo Ekitike",403784
"Sanjin Prcic",107891
"Wahbi Khazri",71381
"Ruben Aguilar",236546
"Ryad Boudebouz",67958
"Mickael Nade",338072
"Castello Lukeba",415172
"Mahdi Camara",349960
"Rominigue Kouamé",342570
"Predrag Rajkovic",135061
"Kevin Danso",330816
"Jonas Martin",92792
"Yunis Abdelhamid",234352
"Mamadou Sakho",29575
"Birger Meling",320738
"Anthony Caci",321145
"Thomas Mangani",34212
"Gerson",242791
"Alexis Flips",409742
"José Fonte",19859
"Armand Laurienté",355994
"Pablo Rosario",329647
"Akim Zedadka",236489
"Dimitri Lienard",137720
"Lucien Agoume",388505
"Jordan Ferri",95422
"Gerzino Nyamsi",345386
"Pau López",145427
"Yacine Adli",357811
"Nuno Mendes",395221
"Dante",6683
"Anthony Lopes",71833
"Maxence Caqueret",368272
"Nicolas Pallois",84899
"Quentin Merlin",411087
"Przemyslaw Frankowski",339500
"Luan Peres",319364
"Axel Disasi",300426
"Mehmet Zeki Çelik",136481
"Jonathan Bamba",241019
"Léo Dubois",146724
"Jean-Charles Castelletto",239806
"Florent Mollet",114169
"Lucas Perrin",375340
"Tristan Dingomé",108334
"Elbasan Rashani",84477
"Enzo Le Fée",398393
"Nicolas de Préville",78443
"Pedro Chirivella",297409
"Vital N'Simba",296437
"Giulian Biancone",367162
"Denis Bouanga",249857
"Alberth Elis",229466
"Jason Berthomier",296358
"Yohann Magnin",429038
"Xavier Chavalerin",236556
"Christophe Hérelle",112220
"Jean-Ricner Bellegarde",320242
"Kevin Volland",92812
"Habib Maïga",323211
"Remi Oudin",322421
"Jean-Kévin Duverne",374992
"Nicolas Cozza",342540
"Xeka",329409
"Hicham Boudaoui",377583
"Jérôme Boateng",23589
"Duje Caleta-Car",251134
"Marco Bizot",83824
"Caio Henrique",320313
"Warmed Omari",405170
"Arkadiusz Milik",104257
"Ismael Traoré",27356
"Yoann Salmier",248411
"Kevin Gameiro",19453
"Thomas Delaine",101911
"Khéphren Thuram-Ulien",366379
"Facundo Medina",330672
"Arnaud Souquet",80465
"Jean Lucas",355659
"Renaud Ripart",232582
"Mihailo Ristic",244778
"Youssouf Fofana",362470
"Kasper Dolberg",322163
"Matz Sels",78386
"Valère Germain",93917
"Haris Belkebla",236553
"Amine Harit",322668
"Johan Gastien",236561
"Ilan Kebbal",422186
"Aleksandr Golovin",244560
"Arnaud Kalimuendo-Muinga",384005
"Alexander Nübel",260770
"Joris Chotard",380645
"Gaël Kakuta",70291
"Vincent Pajot",90061
"Alfred Gomis",97213
"Pol Lirola",323240
"Timothée Kolodziejczak",44417
"Ivo Grbic",377309
"Thilo Kehrer",255167
"Leo Petrot",301330
"Wylan Cyprien",123873
"Moreto Cassamá",373460
"Hwang Ui-Jo",127571
"Enock Kwateng",288891
"Souleyman Doumbia",328463
"Jean-Louis Leca",34182
"Fábio",44031
"Osman Bukari",401019
"Jonathan Ikoné",322094
"Thomas Foket",115882
"Benoît Badiashile",365406
"Thiago Mendes",117776
"Florent Ogier",90108
"Vincent Le Goff",82350
"Adrien Truffert",398301
"Farid Boulaya",294501
"Malo Gusto",403850
"Burak Yilmaz",23282
"Lilian Brassier",398931
"Gauthier Gallon",234371
"Leonardo Balerdi",362788
"Konrad De la Fuente",397468
"Issa Kaboré",399955
"Flavius Daniliuc",398415
"Hugo Magnetti",330614
"Terem Moffi",400505
"Arnaud Nordin",328288
"Jordan Lotomba",345527
"Cédric Hountondji",134905
"Serhou Guirassy",236506
"Alexandre Oukidja",34008
"El Bilal Touré",391527
"Ismail Jakobs",349699
"Sepe Elye Wahi",407661
"Julian Draxler",96449
"Dennis Appiah",91088
"Bamba Dieng",410337
"Mama Baldé",345396
"Harold-Desty Moukoudi",279169
"Stian Gregersen",132450
"Massadio Haïdara",94892
"Pape Gueye",399047
"Dylan Bronn",321150
"Junior Sambia",243069
"Nathanaël Mbuku",380614
"Salis Abdul Samed",422189
"Djibril Sidibé",10454
"Maxime Estève",414233
"Otávio",146764
"Oualid El Hajjam",247801
"Batista Mendy",391316
"Pape Sarr",403859
"Gideon Mensah",402749
"Azzedine Ounahi",392361
"Jérémy Le Douaron",398398
"Andreaw Gravillon",337825
"Ibrahima Niane",342542
"Amadou Mvom Onana",400815
"Opa Nguette",115837
"Boubacar Traore",386612
"Georginio Wijnaldum",33568
"Calvin Stengs",328987
"Zaydou Youssouf",330832
"Jim Allevinah",422188
"Javairô Dilrosun",363083
"Gabriel Gudmundsson",330549
"Bradley Locko",422187
"Etienne Green",409735
"Dion Lopy",412902
"Moritz Jenz",425018
"Jodel Dossou",139502
"Morgan Schneiderlin",29544
"Yusuf Yazici",303158
"Vincent Manceau",234365
"Houboulang Mendes",319474
"Charles Traoré",302695
"Yvann Maçon",391839
"Mauro Icardi",106964
"Samuel Moutoussamy",342571
"Jimmy Giraudon",116829
"Ouparine Djoco",422193
"Jean Eudes Aholou",139111
"Sébastien Corchia",71293
"David Costa",400193
"Yoann Touzghar",104216
"Majeed Waris",84462
"Timothée Pembélé",399773
"Roli Pereira De Sa",262414
"Eliot Matazo",398373
"Ignatius Ganago",344645
"Dylan Chambost",421996
"Jean-Phillipe Krasso",396585
"Rayan Cherki",386153
"Timothy Weah",353991
"Mohamed-Ali Cho",399014
"Youssouf Koné",143193
"Mathias Pereira Lage",303314
"Pierrick Capelle",128361
"Paul Nardi",108105
"Ricardo Mangas",389108
"Irvin Cardona",333419
"Danijel Petkovic",110019
"Benoît Costil",29586
"Adil Aouchiche",382491
"Igor Silva",303017
"Lucas Gourna-Douath",393137
"Marcus Coco",256539
"Angel Gomes",338497
"Mexer",121720
"Quentin Boisgard",301247
"Dango Ouattara",422183
"Stéphane Bahoken",101904
"Romain Hamouma",78023
"Enzo Ebosse",320243
"Adrian Grbic",285992
"Yannick Cahuzac",23353
"Jordan Tell",335686
"Sékou Mara",402855
"Nicholas Gioacchini",425107
"Luis Henrique",388567
"Myron Boadu",357081
"Willem Geubbels",345987
"Fransérgio",322660
"Jonathan Iglesias",236512
"M'Baye Niang",58761
"Léo Leroy",422238
"Pierre-Yves Hamel",328982
"Béni Makouana",422239
"Domenico Berardi",118542
"Paulo Dybala",114863
"Lorenzo Pellegrini",148546
"Dusan Vlahovic",315369
"Sergej Milinkovic-Savic",288767
"Gianluca Caprari",98567
"Tammy Abraham",317506
"Rafael Leão",349207
"Ciro Immobile",70141
"Bremer",339875
"Juan Cuadrado",44868
"Hakan Calhanoglu",110373
"Edin Dzeko",24845
"Victor Osimhen",298510
"Duván Zapata",41073
"Fabián Ruiz",294193
"Nicolò Barella",148684
"Marcelo Brozovic",87449
"Antonio Candreva",34112
"André-Frank Zambo Anguissa",349561
"José Luis Palomino",125810
"Ivan Perisic",70524
"Lorenzo Insigne",83390
"Mattia Zaccagni",149029
"Theo Hernández",303115
"Giovanni Di Lorenzo",122469
"Luis Muriel",84190
"Lautaro Martínez",299344
"Ruslan Malinovskyi",295456
"Kalidou Koulibaly",90880
"Felipe Anderson",93026
"Antonin Barak",131042
"Henrikh Mkhitaryan",28421
"Olivier Giroud",24444
"Luis Alberto",85077
"Gerard Deulofeu",98317
"Sandro Tonali",343501
"Zlatan Ibrahimovic",3281
"Alessandro Bastoni",329665
"Bryan Cristante",109149
"Federico Chiesa",322971
"Mário Rui",106931
"Fikayo Tomori",317507
"Giovanni Simeone",133839
"Junior Messias",401098
"Sergio Romero",33831
"Mario Pasalic",129903
"Teun Koopmeiners",343308
"Pedro",44055
"Nicolás González",345322
"Nicolás Domínguez",334653
"Danilo",88300
"Franck Kessié",277269
"Merih Demiral",362555
"Hamed Traorè",362551
"Matthijs de Ligt",320374
"Petar Stojanovic",112788
"Josip Brekalo",298792
"Josip Ilicic",43194
"Amir Rrahmani",295358
"Milan Skriniar",302918
"Manuel Locatelli",273539
"Lucas Martínez",329854
"Álvaro Morata",91213
"Davide Calabria",260498
"Gianluca Scamacca",302650
"Ibañez",341525
"Giorgio Chiellini",9991
"Jordan Veretout",101017
"Ismaël Bennacer",259102
"Giacomo Raspadori",371497
"Milan Djuric",33649
"Mike Maignan",141646
"David Ospina",36745
"Sasa Lukic",297395
"Wilfried Stephane Singo",371063
"Remo Freuler",302691
"Samir Handanovic",9972
"Davide Frattesi",331425
"Nikola Milenkovic",319785
"Adrien Rabiot",116609
"Adrien Tameze",124721
"Samir",131337
"Jakub Kiwior",424462
"Simone Bastoni",142375
"Stanislav Lobotka",111892
"Rafael Tolói",64075
"Piotr Zielinski",118169
"Domenico Criscito",13895
"Denzel Dumfries",322153
"Ivan Provedel",118667
"Guglielmo Vicario",147863
"Wojciech Szczesny",73379
"Marco Faraoni",33875
"Sebastiano Luperto",255292
"Alessio Romagnoli",118158
"Giacomo Bonaventura",40384
"Milan Badelj",42435
"Maxime Lopez",288883
"Chris Smalling",71345
"Giorgos Kyriakopoulos",248013
"Weston McKennie",338275
"Szymon Zurkowski",377183
"Lukasz Skorupski",77397
"Aaron Hickey",402367
"Stefan de Vrij",82399
"Johan Vásquez",425115
"Francesco Caputo",67834
"Musa Barrow",350076
"Beto",380546
"Pierre Kalulu",391836
"Omar Colley",320582
"Nicolò Rovella",369688
"Nedim Bajrami",423448
"Luiz Felipe",294744
"Andrea Pinamonti",317544
"Pietro Terracciano",106277
"Marten de Roon",85070
"Marko Arnautovic",34693
"Leonardo Bonucci",20664
"Lucas Torreira",248109
"João Pedro",86935
"Matteo Pessina",362600
"Dries Mertens",23100
"Morten Thorsby",128839
"Hirving Lozano",318511
"Mattia De Sciglio",107275
"Manolo Gabbiadini",74921
"Mattias Svanberg",282348
"Bartosz Bereszynski",84827
"Koray Günter",116944
"Tommaso Pobega",402123
"Koffi Djidji",109835
"Riccardo Orsolini",286828
"Francesco Acerbi",54968
"Mattia Destro",67434
"Nicolò Zaniolo",332398
"Alberto Grassi",240989
"Pawel Dawidowicz",121577
"Simone Romagnoli",67256
"Ethan Ampadu",322418
"Cristiano Biraghi",93935
"Davide Biraschi",123767
"Alessandro Florenzi",101596
"Aleksey Miranchuk",129354
"Rick Karsdorp",232249
"Nahitan Nández",280928
"Federico Dimarco",255929
"Alexis Saelemaekers",365308
"Ivan Ilic",401042
"Federico Bernardeschi",122402
"Darko Lazovic",38442
"Mërgim Vojvoda",228854
"Mattia Viti",423451
"Joaquín Correa",125378
"Rodrigo Bentancur",303657
"Ridgeciano Haps",122398
"Berat Djimsiti",100962
"Rogerio",345682
"Brahim Díaz",317541
"Grigoris Kastanos",275831
"Alexis Sánchez",25244
"Andrea Belotti",112272
"Mattia Caldara",137832
"Maya Yoshida",37204
"Ola Aina",315543
"Salvatore Sirigu",22627
"Alex Sandro",100995
"Mattia Aramu",143525
"Luca Pellegrini",332268
"Matias Viña",397846
"Walace",147923
"Matteo Darmian",23220
"Daniele Verde",244301
"Raoul Bellanova",349184
"Arthur Theate",399961
"Alessandro Buongiorno",333373
"Matteo Politano",122683
"Andrea Consigli",42879
"Riccardo Saponara",90878
"Rui Patrício",23089
"Dennis Praet",106413
"Nahuel Molina",303728
"Thomas Strakosha",121480
"Roberto Soriano",78906
"Gianluca Mancini",244804
"Rolando Mandragora",241020
"Sofian Kiyine",331043
"Martin Erlic",261474
"Eljif Elmas",339579
"Antonio Sanabria",135057
"Bram Nuytinck",77422
"Igor Julio",382241
"Andrea Cambiaso",423440
"Iyenoma Udogie",401044
"Miguel Veloso",22182
"Ricardo Rodríguez",61610
"Gian Marco Ferrari",145352
"Juan Musso",126278
"Samuele Ricci",372509
"Federico Di Francesco",128605
"Antonio Vacca",343616
"Lorenzo De Silvestri",19580
"Emil Audero",254692
"Davide Zappacosta",141312
"Alessio Cragno",106906
"Elseid Hysaj",108345
"Alex Ferrari",130043
"Fabiano Parisi",423918
"David Okereke",315538
"Gary Medel",29390
"Gianluca Busio",358142
"Stephan El Shaarawy",70087
"Manolo Portanova",375437
"Adam Marusic",275698
"Cristian Ansaldi",23001
"Emmanuel Gyasi",143526
"Rodrigo Becão",338507
"Danilo Cataldi",118147
"Nicolò Casale",349406
"Adrien Silva",32598
"Razvan Marin",239013
"Riccardo Sottil",355391
"Vid Belec",78881
"Tolgay Arslan",77443
"Lucas Leiva",31451
"Rade Krunic",294163
"Juan Jesus",84603
"Leonardo Pavoletti",95822
"Arthur",284114
"Riccardo Gagliolo",122452
"Kevin Agudelo",382636
"Petko Hristov",344226
"David Zima",404203
"Dimitrios Nikolaou",303020
"Nicolas Haas",344206
"Roberto Pereyra",90000
"Marko Pjaca",242432
"Albin Ekdal",25764
"Thomas Henry",301074
"Gastón Pereiro",289327
"Arkadiusz Reca",362599
"Kelvin Amian",297210
"Rey Manaj",294136
"Giuseppe Pezzella",298515
"Tommaso Augello",343559
"Adama Soumaoro",11895
"Ante Rebic",101735
"Federico Bonazzoli",149543
"Joakim Maehle",363652
"Pietro Ceccaroni",142371
"Liam Henderson",135481
"Lassana Coulibaly",288894
"Marco Silvestri",81109
"Gaetano Castrovilli",239016
"Alessandro Deiola",130368
"Dejan Kulusevski",355855
"Jean-Victor Makengo",300634
"Ardian Ismajli",366671
"Adam Ounas",297577
"Jeremy Toljan",129620
"Joseph Alfred Duncan",113762
"Arturo Vidal",25008
"Vlad Chiriches",76921
"Ignacio Pussetto",134698
"Cedric Gondo",425444
"Zinho Vanheusden",337826
"Caleb Ekuban",124209
"Franck Ribéry",9016
"Luca Ceppitelli",93211
"Salvador Ferrer",402125
"Charalampos Lykogiannis",120218
"Mert Müldür",363661
"Lorenzo Montipò",142425
"Isaac Success",145940
"Moise Kean",328990
"Diego Demme",133886
"Manuel Lazzari",287086
"Giulio Maggiore",322116
"Nicola Sansone",83651
"Kevin Bonifazi",281433
"Jacopo Sala",93818
"José Callejón",67206
"Luca Ranieri",355869
"Giangiacomo Magnani",362552
"Viktor Kovalenko",255776
"Filippo Bandinelli",296651
"Dalbert",322748
"Kaan Ayhan",129171
"Matías Vecino",135625
"Andrea Carboni",390493
"Fabio Quagliarella",9730
"Youssef Maleh",323678
"Bosko Sutalo",395600
"M'Bala Nzola",343368
"Kristjan Asllani",423450
"Lazar Samardzic",393039
"Norbert Gyömbér",108117
"Federico Ceccherini",97203
"Domen Crnigoj",345549
"Álvaro Odriozola",317354
"Keita Baldé",136294
"Yayah Kallon",416184
"Kristoffer Askildsen",363898
"Tyronne Ebuehi",232248
"Stefano Sturaro",97265
"Karol Linetty",141736
"Nadir Zortea",423508
"Mato Jajalo",29244
"Eldor Shomurodov",262707
"Kevin Lasagna",294169
"Andrea Petagna",122296
"Andreas Skov Olsen",377276
"Patric",140261
"Pasquale Mazzocchi",423857
"Patrick Cutrone",329681
"Leo Stulac",362544
"Gregoire Defrel",101767
"Andrea Schiavone",123922
"Francesco Di Tacchio",67832
"Matheus Henrique",348667
"Filippo Melegoni",332554
"Riccardo Marchizza",302501
"Toma Basic",343982
"Emanuel Vignato",332553
"Nikola Kalinic",25091
"Martín Cáceres",30635
"Pepe Reina",2987
"Vanja Milinkovic-Savic",149474
"Joel Obi",67432
"Brandon Soppy",398300
"Sofyan Amrabat",248144
"Dennis Johnsen",333251
"Daniel Bessa",122964
"Lorenzo Venuti",141902
"Felix Ohene-Gyan",426915
"Simy",135564
"Tanner Tessmann",393096
"Goran Pandev",6093
"Gabriele Zappa",371396
"Hernani",101958
"Wajdi Kechrida",377673
"Abdou Harroui",349895
"Nicola Murru",106275
"Karim Benzema",14296
"Vinícius Júnior",337782
"Nabil Fekir",134893
"Casemiro",88526
"Joselu",74603
"Mikel Merino",238916
"Memphis Depay",110154
"Daniel Parejo",28186
"Iker Muniain",77922
"Iago Aspas",91242
"Toni Kroos",31772
"Gonçalo Guedes",247995
"Raúl de Tomás",149121
"Óscar Trejo",16942
"David García",240874
"Marcos Acuña",303729
"Sergio Busquets",44721
"Javi Galán",369497
"Yannick Carrasco",115472
"Frenkie de Jong",279423
"Mathías Olivera",347178
"Etienne Capoue",33590
"Carlos Soler",313542
"Mauro Arambarri",303016
"Eder Militão",337879
"Lucas Torró",249960
"Luka Modric",20874
"Jordi Alba",44288
"Lucas Boyé",303800
"Pablo Maffeo",294848
"Enes Ünal",134695
"Santiago Comesaña",362735
"Juanmi",83080
"Dani Vivian",357839
"Ferland Mendy",296337
"Íñigo Martínez",106885
"Robin Le Normand",367008
"Thomas Lemar",132962
"Sergio Canales",44189
"Arnaut Danjuma",323625
"Mikel Oyarzabal",298839
"Juan Foyth",335107
"Pau Torres",344259
"Sergi Darder",106596
"Álex Moreno",135374
"Nacho Vidal",335790
"João Félix",362431
"Santi Mina",125838
"Gerard Piqué",12712
"Antoine Griezmann",80241
"Marc Bartra",83686
"Alfonso Espino",143655
"Jules Koundé",301019
"Ronald Araújo",384711
"Geoffrey Kondogbia",91978
"Guido Rodríguez",303876
"Sergiño Dest",379205
"Héctor Bellerín",125211
"Marco Asensio",137467
"Brais Méndez",344542
"Gavi",422937
"Daniel Carvajal",106883
"Stefan Savic",77564
"Luis Milla",279320
"Dani Rodríguez",6227
"Ivan Rakitic",22732
"Yassine Bounou",136220
"Alejandro Catena",374638
"William Carvalho",99911
"Thibaut Courtois",73798
"Lucas Ocampos",115587
"Aritz Elustondo",256864
"José Giménez",135914
"Damián Suárez",83705
"Rubén García",119189
"Diego López",10445
"Óscar De Marcos",78500
"Germán Pezzella",121456
"Jorge Cuenca",333182
"Ángel Correa",127604
"Diego Carlos",134984
"Manu Trigueros",102234
"David Alaba",39722
"Alex Berenguer",238899
"Yeray Álvarez",279839
"Gerónimo Rulli",125375
"Omar Alderete",344639
"Edgar Badia",109930
"Jesús Navas",9446
"Stole Dimitrievski",141499
"Luís Maximiano",361969
"Marcos Llorente",254582
"Fidel",86809
"Rodrigo de Paul",125547
"Nemanja Maksimovic",296367
"Leandro Cabrera",73265
"José Gayà",119817
"Álex Remiro",270504
"Álvaro García",135345
"Alexander Isak",299254
"Samuel Chukwueze",363665
"Iñaki Williams",255182
"Thomas Delaney",73744
"Yangel Herrera",318505
"Edgar González",387160
"Jeremías Ledesma",136130
"Helibelton Palacios",106466
"Raúl Albiol",12575
"Oihan Sancet",381510
"Papu Gómez",22546
"Alfonso Pedraza",276489
"Luis Suárez",402887
"Carlos Akapo",139639
"David Silva",14102
"Jorge de Frutos",386230
"Denis Suárez",106525
"Sergio Herrera",381674
"Yeremi Pino",403865
"Fernando",31958
"Federico Valverde",344644
"Matías Dituro",422916
"Boulaye Dia",365122
"Adrià Pedrosa",363966
"Fran García",422957
"Mamadou Loum",336284
"Iñigo Ruiz de Galarreta",106586
"Víctor Ruiz",79558
"Koke",80764
"Rubén Duarte",261286
"Adrián Embarba",135572
"Anthony Lozano",90003
"Iddrisu Baba",381644
"Franco Cervi",303910
"José Luis Morales",135321
"Joan Jordán",238941
"Johan Mojica",135098
"Martín Zubimendi",372424
"Luuk de Jong",68585
"Alberto Moreno",113275
"Íñigo Lekue",291686
"Álvaro Negredo",23757
"Francis Coquelin",69738
"Adnan Januzaj",130334
"Rafa Mir",300369
"Fran Beltrán",362421
"Nacho",106875
"Jorge Molina",31151
"Eduardo Camavinga",369109
"Jon Moncayola",381673
"Willian José",77636
"David Soria",243262
"Hugo Mallo",79929
"Javier Puado",362423
"Unai Simón",332823
"Andoni Gorosabel",345908
"Óscar Valentín",422958
"Rubén Rochina",91273
"Jens Jønsson",283284
"Jasper Cillessen",90811
"Maxime Gonalons",79560
"Luis Rioja",381713
"Eric García",368091
"Takefusa Kubo",377285
"Ante Budimir",98126
"Pere Milla",140772
"Daniel Wass",27254
"Iza",400046
"Isi Palazón",422959
"Darwin Machís",107567
"Kike García",79840
"Héctor Herrera",103476
"Luis Suárez",22221
"Djené Dakonam",332990
"Kieran Trippier",83078
"Lucas Vázquez",144511
"Manu Sánchez",374813
"Eden Hazard",33404
"Maximiliano Gómez",344119
"Tete Morente",402087
"Nico González",422939
"Antonio Puertas",127802
"Unai García",131037
"Iván Balliu",101613
"Óscar Duarte",89851
"Mikel Balenziaga",44739
"Óscar Mingueza",397469
"Sergi Gómez",90778
"Joseph Aidoo",320713
"Óscar Gil",416960
"Pervis Estupiñán",298694
"Víctor Laguardia",79708
"Rui Silva",141833
"Germán Sánchez",381670
"Tomás Alarcón",417743
"Felipe",102173
"Nemanja Gudelj",77417
"Mario Hermoso",344156
"Esteban Saveljich",125609
"Hugo Duro",354526
"Omar Mascarell",115996
"Enis Bardhi",275687
"Unai Vencedor",392383
"Martín Aguirregabiria",333111
"Pepelu",302889
"Jaume Costa",69965
"Borja Iglesias",259042
"Álex Fernández",95551
"Jeison Murillo",109565
"Rodri",395188
"Raúl García",11386
"Aihen Muñoz",367583
"Youssef En-Nesyri",323547
"Roger Martí",109811
"Rúben Vezo",130356
"Juan Cruz",96566
"Karim Rekik",106530
"Florian Lejeune",80758
"Gonzalo Melero",261698
"Carles Aleñá",303268
"Manu Morlanes",349660
"Victor Chust",402862
"Jorge Miramón",140767
"Stefan Mitrovic",84041
"Varazdat Haroyan",108150
"Néstor Araújo",88191
"Matheus Cunha",362758
"Carlos Neva",381672
"Dimitri Foulquier",101084
"Radamel Falcao",18701
"Fernando Pacheco",95915
"Salva Sevilla",33222
"Renato Tapia",136987
"Renan Lodi",326646
"Dani García",127392
"Chimy Avila",303707
"Raúl Torrente",405310
"Franco Russo",422771
"Alberto Perea",93543
"Martin Valjent",142387
"Florentino",369712
"Lee Kang-In",367780
"Vicente Iborra",34052
"Pathé Ciss",422963
"Fali",400051
"Antonio Sánchez",425092
"Óliver Torres",113708
"Hugo Guillamón",392686
"Carlos Clerc",106595
"Joseba Zaldua",135911
"Marc-André ter Stegen",80774
"Yunus Musah",400357
"Quini",115995
"Son",400359
"Ludwig Augustinsson",282994
"Keidi Bare",332866
"Enzo Roco",141877
"Bebé",89883
"Darko Brasanac",84880
"Ángel Rodríguez",22325
"Cristian Tello",91800
"Manu García",295950
"Randy Nteka",422960
"Toni Moya",333359
"Ander Guevara",344120
"Cote",70216
"Brian Oliván",422770
"Diego González",316957
"Lucas Pérez",135663
"Guido Carrillo",125379
"Sergi Guardiola",323135
"Gonzalo Verdú",101130
"Manolo Reina",36262
"Gerard Gumbau",294123
"Rubén Sobrino",323250
"Hélder Costa",118127
"Fernando Niño",391082
"Aleix Vidal",82630
"Sandro Ramírez",135242
"Andrés Guardado",21019
"Alexander Sørloth",302497
"Roberto Torres",109349
"Rodrygo",347862
"Javi Martínez",391040
"Rober Pier",301467
"Moi Gómez",101238
"Nico Williams",408449
"Daniel Cárdenas",386261
"Mickaël Malsa",137436
"Uros Racic",346183
"Marcos André",402185
"Munir El-Haddadi",143158
"Sergio Escudero",89856
"Unai López",236575
"Mouctar Diakhaby",322095
"Thiago Galhardo",101729
"Mikel Vesga",261516
"Salvi Sánchez",400048
"Josan",273453
"Víctor Díaz",34525
"Jan Oblak",76662
"Ángel Montoro",32857
"Portu",106895
"Oier Zarraga",399989
"Juan Iglesias",408735
"Raúl Guti",402086
"Igor Zubeldia",315566
"Iván Marcone",125246
"Tomás Pina",83504
"Amath Ndiaye",315298
"Nolito",91267
"Edgar Méndez",141068
"Dani Gómez",400358
"Darío Poveda",331699
"Aitor Ruibal",349494
"Carlos Bacca",71687
"Facundo Pellistri",404086
"Enric Franquesa",422768
"Rodrigo Battaglia",134739
"Nicolás Melamed",395541
"Loren Morón",351684
"Pere Pons",140929
"Abdón Prats",9270
"Miguel De la Fuente",362358
"Augusto Solari",121737
"Jaime Mata",140771
"Landry Dimata",344071
"Oier Sanjurjo",25932
"Alejandro Cantero",414421
"Wu Lei",127220
